Name,Email,Phone,Description
"Brenda Jakubowski Jr.",dach.vernon@yahoo.com,"(415) 617-6122","Et minima qui voluptatem sint deserunt. Consequatur mollitia eligendi facere. Nobis beatae deserunt et libero vero doloremque. Repellendus itaque rem veritatis totam."
"Rocio Stehr",vmarks@schmidt.biz,+1-917-739-3488,"Exercitationem voluptas nostrum ad consequatur. Quasi ut nisi est quo sapiente. Et itaque consequatur neque impedit dolorem."
"Prof. Kenny Cormier",rbuckridge@gmail.com,+1-425-322-5427,"Sit in quae tempore voluptatum ut. Voluptatem nemo voluptatum non nulla quia est harum. Non labore ea neque voluptatum dolore recusandae."
"Eldridge Spencer Sr.",kristian.kerluke@pacocha.biz,"+1 (732) 712-7619","Rerum natus veritatis debitis et officiis. Laboriosam nisi sint ea tenetur. Consequatur ad et ipsam esse. Ut voluptatem dolores quam molestiae fuga aut."
"Dr. Royce Farrell V",larkin.heath@mccullough.org,"(470) 210-7064","Molestiae quod repellat aliquam. Iste nostrum qui a sunt corporis deserunt."
"Prof. Stuart Schulist",lisandro.veum@herman.info,573.470.5115,"Asperiores rem voluptatibus occaecati repudiandae qui placeat eveniet vel. Id consequatur sequi omnis unde deserunt. Omnis et error corporis enim."
"Dr. Armand Lemke V",weston.crona@rath.org,425.598.9690,"Id ipsum recusandae sed iure culpa. Eos vel aut eaque hic ut. Sed qui omnis iste ad omnis qui. Repellendus dolores numquam id nobis numquam nihil eveniet."
"Mr. Seth Robel III",astanton@hotmail.com,+1-412-541-4009,"Quibusdam aut occaecati omnis est vel non corporis veritatis. Excepturi laudantium fugit in repellat ratione suscipit. Debitis commodi earum perspiciatis id."
"Octavia Mante",alexie.murphy@yahoo.com,+19154399737,"Quo sunt error impedit enim quidem eligendi. Aliquid expedita tempore et sunt qui est sint. Earum id saepe earum similique repudiandae est corporis sint."
"Prof. Cathryn Haag PhD",jamaal85@yahoo.com,628-404-4384,"Iusto ea ut voluptatem id. Id voluptatem quia tempora mollitia debitis. Eos optio doloribus nam et nobis perspiciatis. Quas est rerum qui eos. Ab nesciunt tempore architecto et modi porro aut."